{"current":{"use_logo":true,"show_copyright":true,"base_font":"google_fonts:Ubuntu","base_font_size":"12px","base_font_color":"#888888","heading_font":"google_fonts:Ubuntu","heading_font_size":"15px","heading_font_color":"#292d39","link_color":"#26a0d7","link_color_hover":"#292d39","product_name_size":"13px","product_name_color":"#3c3c3c","product_name_color_hover":"#26a0d7","product_desc_size":"12px","product_desc_color":"#888888","product_price_color":"#26a0d7","body_bg_color":"#f4f4f4","body_bg_img_toggle":false,"border_color":"#e7e7e7","color_1":"#ffffff","color_2":"#292d39","color_3":"#f2f2f2","color_4":"#26a0d7","new_products_period":"100000","homepage_products":"gear","homepage_products_count":"16","homepage_carousel_rows":"2","homepage_carousel_direction":"2","sidebar_toggle":"sidebar_toggle_left","sidebar_widget_collections_toggle":true,"sidebar_widget_types_toggle":true,"sidebar_widget_vendors_toggle":false,"sidebar_widget_products_toggle":true,"sidebar_widget_products_title":"Best sellers","sidebar_widget_products_collection":"casual","promobanner_toggle":true,"promobanner_bg_color":"#26a0d7","promobanner_img_toggle":true,"promobanner_title":"Lorem ipsum dolor sit amet consectetur","promobanner_tagline":"Veniam molestiae eveniet cumque officia","promobanner_btn":"shop now","promobanner_link":"\/collections\/household-items","promobanner_date_day":"1","promobanner_date_month":"01","promobanner_date_year":"2017","megamenu1_text":"Home","megamenu1_link":"\/","megamenu1_badge":"","megamenu2_text":"Products","megamenu2_link":"\/collections","megamenu2_badge":"catalog","megamenu2_sub_toggle":true,"megamenu2_sub_col__1":"autographs","megamenu2_sub_col__2":"casual","megamenu2_sub_col__3":"uniforms","megamenu2_banner1_toggle":true,"megamenu2_banner1_img_toggle":true,"megamenu2_banner1_text1":"Special offer","megamenu2_banner1_text2":"Save up to 50%","megamenu2_banner1_text3":"Shop now!","megamenu2_banner1_link":"\/collections\/autographs","megamenu2_banner2_toggle":true,"megamenu2_banner2_img_toggle":true,"megamenu2_banner2_text1":"25% off","megamenu2_banner2_text2":"+ free shipping","megamenu2_banner2_text3":"Shop now!","megamenu2_banner2_link":"\/collections\/casual","megamenu3_text":"Blog","megamenu3_blog_select":"blog","megamenu3_badge":"","megamenu4_text":"Sale","megamenu4_sub_collection":"kids","megamenu4_badge":"hot deals","megamenu4_banner1_toggle":true,"megamenu4_banner1_text1":"Save up to 30%","megamenu4_banner1_text2":"Special offer","megamenu4_banner1_text3":"Lorem ipsum dolor sit amet conse ctetur adipisicing.","megamenu4_banner1_text4":"Shop now!","megamenu4_banner1_link":"\/collections\/uniforms","megamenu4_banner2_toggle":true,"megamenu4_banner2_img_toggle":true,"megamenu4_banner2_text1":"Buy 2, get one","megamenu4_banner2_text2":"free","megamenu4_banner2_text3":"Shop now!","megamenu4_banner2_link":"\/collections\/gear","megamenu5_text":"About us","megamenu5_link":"\/pages\/about-us","megamenu5_badge":"","megamenu6_text":"Contact us","megamenu6_link":"\/pages\/contact-us","megamenu6_badge":"","slider_toggle":true,"slider_captions_toggle":true,"slide1_toggle":true,"slide1_link":"\/collections\/uniforms","slide1_caption1":"Get the discount","slide1_caption2":"Lorem ipsum dolor sit amet conse ctetur adipisicing elit, sed do eiusmod tempor.","slide1_caption3":"Shop now!","slide2_toggle":true,"slide2_link":"\/collections\/womens","slide2_caption1":"Free shipping","slide2_caption2":"Lorem ipsum dolor sit amet conse ctetur adipisicing elit, sed do eiusmod tempor.","slide2_caption3":"Shop now!","slide3_toggle":true,"slide3_link":"\/collections\/gear","slide3_caption1":"Save 50% off","slide3_caption2":"Lorem ipsum dolor sit amet conse ctetur adipisicing elit, sed do eiusmod tempor.","slide3_caption3":"Shop now!","slide4_toggle":false,"slide4_link":"","slide4_caption1":"","slide4_caption2":"","slide4_caption3":"","slide5_toggle":false,"slide5_link":"","slide5_caption1":"","slide5_caption2":"","slide5_caption3":"","header_social_toggle":true,"custom_header_toggle":true,"custom_header_text1":"800-2345-6789","custom_showcase1_img_toggle":true,"custom_showcase1_text1":"Running shoes","custom_showcase1_text2":"Lorem ipsum dolor sit amet conse ctetur adipisicing elit, sed do eiusmod tempor.","custom_showcase1_text3":"Shop now!","custom_showcase1_link":"\/collections\/tv-video","custom_showcase2_img_toggle":true,"custom_showcase2_text1":"Women's yoga","custom_showcase2_text2":"Lorem ipsum dolor sit amet conse ctetur adipisicing elit, sed do eiusmod tempor.","custom_showcase2_text3":"Shop now!","custom_showcase2_link":"\/collections\/household-items","footer_block1_title":"About","footer_block1_text":"Lorem ipsum dolor sit amet conse ctetur adipisicing elit, sed do eiusmod tempor incididunt ut labore et dolore magna aliqua. Ut enim ad minim veniam, quis nostrud exercitation ullamco laboris nisi ut aliquip ex ea commodo consequat. Duis aute irure dolor in reprehenderit in voluptate velit esse cillum dolore eu fugiat nulla pariatur. Lorem ipsum dolor sit amet conse ctetur adipisicing elit, sed do eiusmod tempor incididunt ut labore et dolore magna aliqua. Ut enim ad minim veniam, quis nostrud exercitation ullamco laboris nisi ut aliquip ex ea commodo consequat. Duis aute irure dolor in reprehenderit in voluptate velit esse cillum dolore eu fugiat nulla pariatur.","footer_block2_title":"Information","footer_block2_item1_icon":"fa-truck","footer_block2_item1_text1":"Ctetur adipisicing.","footer_block2_item1_text2":"Lorem ipsum dolor sit amet conse ctetur adipisicing elit.","footer_block2_item1_link":"\/collections\/mobile","footer_block2_item2_icon":"fa-refresh","footer_block2_item2_text1":"Vostrud exercitation.","footer_block2_item2_text2":"Ctetur adipisicing elit, sed do eiusmod tempor incididunt ut labore et dolore.","footer_block2_item2_link":"\/collections\/computing","footer_block2_item3_icon":"fa-thumbs-o-up","footer_block2_item3_text1":"Dolore eu fugiat nulla.","footer_block2_item3_text2":"Amet conse ctetur adipisicing elit, sed do eiusmod tempor incididunt.","footer_block2_item3_link":"\/collections\/tv-video","footer_block3_title":"Information","footer_block3_list":"footer","footer_block4_title":"Collections","footer_block4_list":"collections","footer_block5_title":"My account","footer_block5_list":"my-account","footer_block6_social_toggle":true,"footer_block6_title":"Follow us","social_twitter":"\/\/twitter.com\/templatemonster","social_facebook":"\/\/www.facebook.com\/TemplateMonster","social_youtube":"\/\/www.youtube.com\/user\/TemplateMonsterCo","social_instagram":"","social_pinterest":"\/\/www.pinterest.com\/templatemonster\/","social_googleplus":"\/\/google.com\/+templatemonster","social_tumblr":"","google_map_address":"Times Square Manhattan, NY 10036","homepage_map_toggle":false,"contacts_map_toggle":true,"olark_chat_toggle":true,"olark_chat_code":"<!-- olark code -->\r\n<script type=\"text\/javascript\" data-cfasync=\"false\">\/\/ <![CDATA[\r\n\/*<![CDATA[*\/window.olark||(function(c){var f=window,d=document,l=f.location.protocol==\"https:\"?\"https:\":\"http:\",z=c.name,r=\"load\";var nt=function(){\r\nf[z]=function(){\r\n(a.s=a.s||[]).push(arguments)};var a=f[z]._={\r\n},q=c.methods.length;while(q--){(function(n){f[z][n]=function(){\r\nf[z](\"call\",n,arguments)}})(c.methods[q])}a.l=c.loader;a.i=nt;a.p={\r\n0:+new Date};a.P=function(u){\r\na.p[u]=new Date-a.p[0]};function s(){\r\na.P(r);f[z](r)}f.addEventListener?f.addEventListener(r,s,false):f.attachEvent(\"on\"+r,s);var ld=function(){function p(hd){\r\nhd=\"head\";return[\"<\",hd,\"><\/\",hd,\"><\",i,' onl' + 'oad=\"var d=',g,\";d.getElementsByTagName('head')[0].\",j,\"(d.\",h,\"('script')).\",k,\"='\",l,\"\/\/\",a.l,\"'\",'\"',\"><\/\",i,\">\"].join(\"\")}var i=\"body\",m=d[i];if(!m){\r\nreturn setTimeout(ld,100)}a.P(1);var j=\"appendChild\",h=\"createElement\",k=\"src\",n=d[h](\"div\"),v=n[j](d[h](z)),b=d[h](\"iframe\"),g=\"document\",e=\"domain\",o;n.style.display=\"none\";m.insertBefore(n,m.firstChild).id=z;b.frameBorder=\"0\";b.id=z+\"-loader\";if(\/MSIE[ ]+6\/.test(navigator.userAgent)){\r\nb.src=\"javascript:false\"}b.allowTransparency=\"true\";v[j](b);try{\r\nb.contentWindow[g].open()}catch(w){\r\nc[e]=d[e];o=\"javascript:var d=\"+g+\".open();d.domain='\"+d.domain+\"';\";b[k]=o+\"void(0);\"}try{\r\nvar t=b.contentWindow[g];t.write(p());t.close()}catch(x){\r\nb[k]=o+'d.write(\"'+p().replace(\/\"\/g,String.fromCharCode(92)+'\"')+'\");d.close();'}a.P(2)};ld()};nt()})({\r\nloader: \"static.olark.com\/jsclient\/loader0.js\",name:\"olark\",methods:[\"configure\",\"extend\",\"declare\",\"identify\"]});\r\n\/* custom configuration goes here (www.olark.com\/documentation) *\/\r\nolark.identify('7830-582-10-3714');\/*]]>*\/\r\n  \/\/ ]]><\/script>\r\n<noscript><pre><a href=\"https:\/\/www.olark.com\/site\/7830-582-10-3714\/contact\" title=\"Contact us\" target=\"_blank\">Questions? Feedback?<\/a> powered by <a href=\"http:\/\/www.olark.com?welcome\" title=\"Olark live chat software\">Olark live chat software<\/a><\/pre><\/noscript>\r\n<!-- end olark code -->","show_multiple_currencies":true,"supported_currencies":"USD EUR GBP","default_currency":"USD","newsletter_popup_toggle":false,"newsletter_popup_disable":"365","newsletter_form_type":"newsletter_shopify","newsletter_mailchimp_url":"\/\/templatemonster.us10.list-manage.com\/subscribe\/post?u=ce6b90907f5d7befce3c15310&amp;id=02763f7415","show_amex":true,"show_discover":true,"show_visa":true,"show_mastercard":true,"show_maestro":true,"show_cirrus":true,"show_paypal":true,"show_google":true,"cookies_policy_toggle":false,"cookies_policy_tagline":"We use cookies to give you the best experience.","cookies_policy_text":"If you do nothing, we'll assume that's OK.","cookies_policy_expire":"30","cookies_policy_redirect":"http:\/\/www.templatemonster.com\/templates.php?propertylist[types][0]=67280","checkout_use_header_image":false,"checkout_logo":"","checkout_logo_position":"left","checkout_logo_size":"medium","checkout_use_body_background_image":false,"checkout_body_background_color":"#fff","checkout_input_background_color_mode":"white","checkout_use_sidebar_background_image":false,"checkout_sidebar_background_color":"#fafafa","checkout_heading_font":"Helvetica Neue","checkout_body_font":"Helvetica Neue","checkout_accent_color":"#19caaf","checkout_button_color":"#19caaf","checkout_error_color":"#e40000","color_suka_nahui":"#19caaf","color_5":"","color_6":"","color_7":"","gradient1_top":"","gradient1_bottom":"","gradient2_top":"","gradient2_bottom":"","gradient3_top":"","gradient3_bottom":"","megamenu2_bg_toggle":false,"megamenu2_sub_col__4":"kitchen-appliances","contacts_company":"MyCompany inc.","contacts_address":"4578 Marmora Road, Glasgow D04 89GR","contacts_phone":"1(234) 567-9842","contacts_email":"info@demolink.org","footer_newsletter":true,"footer_block2_list":"footer","homepage_blog_toggle":true,"homepage_blog_select":"blog","homepage_blog_bg_toggle":false,"footer_block1_list":"main-menu","custom_showcase3_img_toggle":false,"custom_showcase3_text1":"","custom_showcase3_text2":"","custom_showcase3_link":"","custom_showcase4_img_toggle":false,"custom_showcase4_text1":"","custom_showcase4_text2":"","custom_showcase4_link":"","slide1_caption4":"","slide1_caption5":"","slide2_caption4":"","slide2_caption5":"","slide3_caption4":"","slide3_caption5":"","slide4_caption4":"","slide4_caption5":"","slide5_caption4":"","slide5_caption5":"","custom_header_text2":"","logo_slogan":"","checkout_banner_background_color":"#ffffff","checkout_headline":"","checkout_call_to_action_color":"#8fc243","customer_layout":"theme","collection_listing_count":"6","currency_format":"money_format","custom_header1_text1":"","custom_header1_text2":"","custom_header1_link":"","custom_header1_img_toggle":false,"gradient4_top":"","gradient4_bottom":"","gradient5_top":"","gradient5_bottom":"","gradient6_top":"","gradient6_bottom":"","gradient7_top":"","gradient7_bottom":"","gradient8_top":"","gradient8_bottom":"","gradient9_top":"","gradient9_bottom":"","gradient10_top":"","gradient10_bottom":"","base_font_regular_family":"Arial, Helvetica, sans-serif","heading_font_regular_family":"Arial, Helvetica, sans-serif","bestsellers_cat":"","collection_listing_cols":"3","homepage_listing_image_size":"large","enable_breadcrumbs":"true","enable_left_sidebar":true,"enable_right_sidebar":false,"megamenu3_sub_toggle":true,"megamenu4_sub_toggle":true,"base_font_type":"font_regular","heading_font_type":"font_regular","mailchimp_form_action":"","mailing_list_title":"Newsletter","mailing_list_tagline":"","main_nav":"main-menu","megamenu4_link":"\/collections\/accessories","homepage_map_address":"Times Square Manhattan, NY 10036","body_bg_type":"bg_color","homepage_listing_cols":"4","megamenu4_sub_col__1":"accessories","megamenu5_thumb":"","megamenu6_thumb":"","megamenu2_thumb":"hot deals","megamenu4_thumb":""},"presets":{}}