[{"name":"Welcome","settings":[{"type":"paragraph","content":"Theme settings allow you to customize the look and feel of your shop without having to delve into HTML or CSS code. Please see our [help page on theme settings](http:\/\/info.template-help.com\/help\/quick-start-guide\/shopify-themes\/master\/index_en.html) to learn more about how to customize your store."},{"type":"paragraph","content":"In case of any issues with the theme feel free to contact our team at [shopify@template-help.com](mailto:shopify@template-help.com)"},{"type":"paragraph","content":"We also offer theme customization services. You can contact our team to discuss estimate."}]},{"name":"General","settings":[{"type":"header","content":"Main Logo"},{"type":"checkbox","id":"use_logo","label":"Use custom Logo?"},{"type":"image","id":"logo.png","max-width":250,"max-height":66},{"type":"paragraph","content":"Maximum dimensions are 250x66px"},{"type":"header","content":"Favicon"},{"type":"image","id":"favicon.ico"},{"type":"paragraph","content":"Must be 16x16px"},{"type":"header","content":"Copyright"},{"type":"checkbox","id":"show_copyright","label":"Display copyright \"Designed by...\"","default":true}]},{"name":"Typography","settings":[{"type":"header","content":"Base font"},{"type":"select","id":"base_font","label":"Font family","options":[{"value":"Arial","label":"Arial","group":"Sans-serif"},{"value":"Trebuchet MS","label":"Trebuchet MS","group":"Sans-serif"},{"value":"Verdana","label":"Verdana","group":"Sans-serif"},{"value":"Georgia","label":"Georgia","group":"Serif"},{"value":"Times New Roman","label":"Times New Roman","group":"Serif"},{"value":"Courier New","label":"Courier New","group":"Monospace"},{"value":"Lucida Console","label":"Lucida Console","group":"Monospace"},{"value":"google_fonts:Lato","label":"Lato","group":"Google fonts"},{"value":"google_fonts:Lora","label":"Lora","group":"Google fonts"},{"value":"google_fonts:Montserrat","label":"Montserrat","group":"Google fonts"},{"value":"google_fonts:Open Sans","label":"Open Sans","group":"Google fonts"},{"value":"google_fonts:Open Sans Condensed","label":"Open Sans Condensed","group":"Google fonts"},{"value":"google_fonts:Roboto","label":"Roboto","group":"Google fonts"},{"value":"google_fonts:Roboto Slab","label":"Roboto Slab","group":"Google fonts"},{"value":"google_fonts:Ubuntu","label":"Ubuntu","group":"Google fonts"}],"default":"Arial"},{"type":"select","id":"base_font_size","label":"Font size","options":[{"value":"10px","label":"10px"},{"value":"11px","label":"11px"},{"value":"12px","label":"12px"},{"value":"13px","label":"13px"},{"value":"14px","label":"14px"},{"value":"15px","label":"15px"}],"default":"12px"},{"type":"color","id":"base_font_color","label":"Font color"},{"type":"header","content":"Page headings"},{"type":"select","id":"heading_font","label":"Font family","options":[{"value":"Arial","label":"Arial","group":"Sans-serif"},{"value":"Trebuchet MS","label":"Trebuchet MS","group":"Sans-serif"},{"value":"Verdana","label":"Verdana","group":"Sans-serif"},{"value":"Georgia","label":"Georgia","group":"Serif"},{"value":"Times New Roman","label":"Times New Roman","group":"Serif"},{"value":"Courier New","label":"Courier New","group":"Monospace"},{"value":"Lucida Console","label":"Lucida Console","group":"Monospace"},{"value":"google_fonts:Lato","label":"Lato","group":"Google fonts"},{"value":"google_fonts:Lora","label":"Lora","group":"Google fonts"},{"value":"google_fonts:Montserrat","label":"Montserrat","group":"Google fonts"},{"value":"google_fonts:Open Sans","label":"Open Sans","group":"Google fonts"},{"value":"google_fonts:Open Sans Condensed","label":"Open Sans Condensed","group":"Google fonts"},{"value":"google_fonts:Roboto","label":"Roboto","group":"Google fonts"},{"value":"google_fonts:Roboto Slab","label":"Roboto Slab","group":"Google fonts"},{"value":"google_fonts:Ubuntu","label":"Ubuntu","group":"Google fonts"}],"default":"Arial"},{"type":"select","id":"heading_font_size","label":"Font size","options":[{"value":"14px","label":"14px"},{"value":"15px","label":"15px"},{"value":"16px","label":"16px"},{"value":"17px","label":"17px"},{"value":"18px","label":"18px"},{"value":"19px","label":"19px"},{"value":"20px","label":"20px"},{"value":"22px","label":"22px"},{"value":"24px","label":"24px"},{"value":"26px","label":"26px"}],"default":"16px"},{"type":"color","id":"heading_font_color","label":"Font color"},{"type":"header","content":"Links"},{"type":"color","id":"link_color","label":"Links text color"},{"type":"color","id":"link_color_hover","label":"Links text color (hover)"},{"type":"header","content":"Product name"},{"type":"select","id":"product_name_size","label":"Font size","options":[{"value":"12px","label":"12px"},{"value":"13px","label":"13px"},{"value":"14px","label":"14px"},{"value":"15px","label":"15px"},{"value":"16px","label":"16px"},{"value":"17px","label":"17px"},{"value":"18px","label":"18px"}],"default":"14px"},{"type":"color","id":"product_name_color","label":"Font color"},{"type":"color","id":"product_name_color_hover","label":"Font color (hover)"},{"type":"header","content":"Product description"},{"type":"select","id":"product_desc_size","label":"Font size","options":[{"value":"11px","label":"11px"},{"value":"12px","label":"12px"},{"value":"13px","label":"13px"},{"value":"14px","label":"14px"},{"value":"15px","label":"15px"}],"default":"12px"},{"type":"color","id":"product_desc_color","label":"Font color"},{"type":"header","content":"Product price"},{"type":"color","id":"product_price_color","label":"Font color"}]},{"name":"Colors","settings":[{"type":"header","content":"Page background"},{"type":"color","id":"body_bg_color","label":"Color"},{"type":"checkbox","id":"body_bg_img_toggle","label":"Image"},{"type":"image","id":"body_bg_img.jpg","max-width":1170,"max-height":500},{"type":"paragraph","content":"Recommended image dimensions are 1170x500px"},{"type":"color","id":"border_color","label":"Global border color"},{"type":"header","content":"Color scheme"},{"type":"color","id":"color_1","label":"Color 1"},{"type":"color","id":"color_2","label":"Color 2"},{"type":"color","id":"color_3","label":"Color 3"},{"type":"color","id":"color_4","label":"Color 4"}]},{"name":"Layout & content","settings":[{"type":"header","content":"Homepage products carousel"},{"type":"text","id":"new_products_period","label":"New products marker","info":"Number of days for which the product is considered as \"New\""},{"type":"collection","id":"homepage_products","label":"Carousel products collection","info":"Products from this collection will be on the homepage"},{"type":"select","id":"homepage_products_count","label":"Carousel products count","options":[{"value":"4","label":"4"},{"value":"8","label":"8"},{"value":"12","label":"12"},{"value":"16","label":"16"},{"value":"20","label":"20"}]},{"type":"radio","id":"homepage_carousel_rows","label":"Carousel rows","options":[{"value":"1","label":"One row"},{"value":"2","label":"Two rows"}]},{"type":"radio","id":"homepage_carousel_direction","label":"Carousel direction","options":[{"value":"1","label":"One-way"},{"value":"2","label":"Two-way (for two rows only)"}]},{"type":"header","content":"Sidebar configuration"},{"type":"radio","id":"sidebar_toggle","options":[{"value":"sidebar_toggle_left","label":"Left position"},{"value":"sidebar_toggle_right","label":"Right position"}]},{"type":"header","content":"Sidebar widgets"},{"type":"checkbox","id":"sidebar_widget_collections_toggle","label":"Collections widget"},{"type":"checkbox","id":"sidebar_widget_types_toggle","label":"Product types widget"},{"type":"checkbox","id":"sidebar_widget_vendors_toggle","label":"Product vendors widget"},{"type":"checkbox","id":"sidebar_widget_products_toggle","label":"Products widget"},{"type":"text","id":"sidebar_widget_products_title","label":"Products widget title"},{"type":"collection","id":"sidebar_widget_products_collection","label":"Products widget collection"}]},{"name":"Promo banner","settings":[{"type":"header","content":"Promo banner settings"},{"type":"checkbox","id":"promobanner_toggle","label":"Show promo banner"},{"type":"color","id":"promobanner_bg_color","label":"Background color"},{"type":"header","content":"Content"},{"type":"checkbox","id":"promobanner_img_toggle","label":"Show image"},{"type":"image","id":"promobanner_img.png","label":"Upload image","max-width":400,"max-height":160,"info":"Recommended image size is 400x160px"},{"type":"text","id":"promobanner_title","label":"Title"},{"type":"text","id":"promobanner_tagline","label":"Tagline"},{"type":"text","id":"promobanner_btn","label":"Button text"},{"type":"text","id":"promobanner_link","label":"Link"},{"type":"header","content":"Countdown date"},{"type":"select","id":"promobanner_date_day","label":"Day","options":[{"value":"1","label":"1"},{"value":"2","label":"2"},{"value":"3","label":"3"},{"value":"4","label":"4"},{"value":"5","label":"5"},{"value":"6","label":"6"},{"value":"7","label":"7"},{"value":"8","label":"8"},{"value":"9","label":"9"},{"value":"10","label":"10"},{"value":"11","label":"11"},{"value":"12","label":"12"},{"value":"13","label":"13"},{"value":"14","label":"14"},{"value":"15","label":"15"},{"value":"16","label":"16"},{"value":"17","label":"17"},{"value":"18","label":"18"},{"value":"19","label":"19"},{"value":"20","label":"20"},{"value":"21","label":"21"},{"value":"22","label":"22"},{"value":"23","label":"23"},{"value":"24","label":"24"},{"value":"25","label":"25"},{"value":"26","label":"26"},{"value":"27","label":"27"},{"value":"28","label":"28"},{"value":"29","label":"29"},{"value":"30","label":"30"},{"value":"31","label":"31"}]},{"type":"select","id":"promobanner_date_month","label":"Month","options":[{"value":"01","label":"January"},{"value":"02","label":"February"},{"value":"03","label":"March"},{"value":"04","label":"April"},{"value":"05","label":"May"},{"value":"06","label":"June"},{"value":"07","label":"July"},{"value":"08","label":"August"},{"value":"09","label":"September"},{"value":"10","label":"October"},{"value":"11","label":"November"},{"value":"12","label":"December"}]},{"type":"select","id":"promobanner_date_year","label":"Year","options":[{"value":"2015","label":"2015"},{"value":"2016","label":"2016"},{"value":"2017","label":"2017"},{"value":"2018","label":"2018"},{"value":"2019","label":"2019"},{"value":"2020","label":"2020"},{"value":"2021","label":"2021"},{"value":"2022","label":"2022"},{"value":"2023","label":"2023"},{"value":"2024","label":"2024"},{"value":"2025","label":"2025"}]}]},{"name":"Megamenu","settings":[{"type":"header","content":"Item 1 (custom link)"},{"type":"text","id":"megamenu1_text","label":"Item name"},{"type":"text","id":"megamenu1_link","label":"Item URL"},{"type":"text","id":"megamenu1_badge","label":"Item badge (optional)"},{"type":"header","content":"Item 2 (products catalog)"},{"type":"text","id":"megamenu2_text","label":"Item name"},{"type":"text","id":"megamenu2_link","label":"Item URL"},{"type":"text","id":"megamenu2_badge","label":"Item badge (optional)"},{"type":"checkbox","id":"megamenu2_sub_toggle","label":"Show submenu"},{"type":"collection","id":"megamenu2_sub_col__1","label":"Column 1"},{"type":"collection","id":"megamenu2_sub_col__2","label":"Column 2"},{"type":"collection","id":"megamenu2_sub_col__3","label":"Column 3"},{"type":"paragraph","content":"———————————————————"},{"type":"checkbox","id":"megamenu2_banner1_toggle","label":"Banner #1"},{"type":"checkbox","id":"megamenu2_banner1_img_toggle","label":"Show image"},{"type":"image","id":"megamenu2_banner1_img.png","label":"Banner image","max-width":400,"max-height":140,"info":"Recommended image size is 400x140px"},{"type":"text","id":"megamenu2_banner1_text1","label":"Text 1"},{"type":"text","id":"megamenu2_banner1_text2","label":"Text 2"},{"type":"text","id":"megamenu2_banner1_text3","label":"Text 3"},{"type":"text","id":"megamenu2_banner1_link","label":"Link"},{"type":"paragraph","content":"———————————————————"},{"type":"checkbox","id":"megamenu2_banner2_toggle","label":"Banner #1"},{"type":"checkbox","id":"megamenu2_banner2_img_toggle","label":"Show image"},{"type":"image","id":"megamenu2_banner2_img.png","label":"Banner image","max-width":400,"max-height":140,"info":"Recommended image size is 400x140px"},{"type":"text","id":"megamenu2_banner2_text1","label":"Text 1"},{"type":"text","id":"megamenu2_banner2_text2","label":"Text 2"},{"type":"text","id":"megamenu2_banner2_text3","label":"Text 3"},{"type":"text","id":"megamenu2_banner2_link","label":"Link"},{"type":"header","content":"Item 3 (blog)"},{"type":"text","id":"megamenu3_text","label":"Item name"},{"type":"blog","id":"megamenu3_blog_select","label":"Select blog"},{"type":"text","id":"megamenu3_badge","label":"Item badge (optional)"},{"type":"header","content":"Item 4 (sale products)"},{"type":"text","id":"megamenu4_text","label":"Item name"},{"type":"collection","id":"megamenu4_sub_collection","label":"Sale products collection"},{"type":"text","id":"megamenu4_badge","label":"Item badge (optional)"},{"type":"paragraph","content":"———————————————————"},{"type":"checkbox","id":"megamenu4_banner1_toggle","label":"Banner #1"},{"type":"text","id":"megamenu4_banner1_text1","label":"Text 1"},{"type":"text","id":"megamenu4_banner1_text2","label":"Text 2"},{"type":"text","id":"megamenu4_banner1_text3","label":"Text 3"},{"type":"text","id":"megamenu4_banner1_text4","label":"Text 4"},{"type":"text","id":"megamenu4_banner1_link","label":"Link"},{"type":"paragraph","content":"———————————————————"},{"type":"checkbox","id":"megamenu4_banner2_toggle","label":"Banner #1"},{"type":"checkbox","id":"megamenu4_banner2_img_toggle","label":"Show image"},{"type":"image","id":"megamenu4_banner2_img.png","label":"Banner image","max-width":257,"max-height":157,"info":"Recommended image size is 257x157px"},{"type":"text","id":"megamenu4_banner2_text1","label":"Text 1"},{"type":"text","id":"megamenu4_banner2_text2","label":"Text 2"},{"type":"text","id":"megamenu4_banner2_text3","label":"Text 3"},{"type":"text","id":"megamenu4_banner2_link","label":"Link"},{"type":"header","content":"Item 5 (custom link)"},{"type":"text","id":"megamenu5_text","label":"Item name"},{"type":"text","id":"megamenu5_link","label":"Item URL"},{"type":"text","id":"megamenu5_badge","label":"Item badge (optional)"},{"type":"header","content":"Item 6 (custom link)"},{"type":"text","id":"megamenu6_text","label":"Item name"},{"type":"text","id":"megamenu6_link","label":"Item URL"},{"type":"text","id":"megamenu6_badge","label":"Item badge (optional)"}]},{"name":"Slider","settings":[{"type":"checkbox","id":"slider_toggle","label":"Slider script","default":true},{"type":"checkbox","id":"slider_captions_toggle","label":"Slider captions","default":true},{"type":"header","content":"Slide 1"},{"type":"checkbox","id":"slide1_toggle","label":"Enable slide","default":true},{"type":"image","id":"slide1_image.jpg","label":"Slide image","max-width":870,"max-height":345,"info":"Maximum slide image dimensions are 870x345px"},{"type":"text","id":"slide1_link","label":"Slide link"},{"type":"text","id":"slide1_caption1","label":"Caption text #1"},{"type":"text","id":"slide1_caption2","label":"Caption text #2"},{"type":"text","id":"slide1_caption3","label":"Caption text #3"},{"type":"header","content":"Slide 2"},{"type":"checkbox","id":"slide2_toggle","label":"Enable slide","default":true},{"type":"image","id":"slide2_image.jpg","label":"Slide image","max-width":870,"max-height":345,"info":"Maximum slide image dimensions are 870x345px"},{"type":"text","id":"slide2_link","label":"Slide link"},{"type":"text","id":"slide2_caption1","label":"Caption text #1"},{"type":"text","id":"slide2_caption2","label":"Caption text #2"},{"type":"text","id":"slide2_caption3","label":"Caption text #3"},{"type":"header","content":"Slide 3"},{"type":"checkbox","id":"slide3_toggle","label":"Enable slide","default":true},{"type":"image","id":"slide3_image.jpg","label":"Slide image","max-width":870,"max-height":345,"info":"Maximum slide image dimensions are 870x345px"},{"type":"text","id":"slide3_link","label":"Slide link"},{"type":"text","id":"slide3_caption1","label":"Caption text #1"},{"type":"text","id":"slide3_caption2","label":"Caption text #2"},{"type":"text","id":"slide3_caption3","label":"Caption text #3"},{"type":"header","content":"Slide 4"},{"type":"checkbox","id":"slide4_toggle","label":"Enable slide"},{"type":"image","id":"slide4_image.jpg","label":"Slide image","max-width":870,"max-height":345,"info":"Maximum slide image dimensions are 870x345px"},{"type":"text","id":"slide4_link","label":"Slide link"},{"type":"text","id":"slide4_caption1","label":"Caption text #1"},{"type":"text","id":"slide4_caption2","label":"Caption text #2"},{"type":"text","id":"slide4_caption3","label":"Caption text #3"},{"type":"header","content":"Slide 5"},{"type":"checkbox","id":"slide5_toggle","label":"Enable slide"},{"type":"image","id":"slide5_image.jpg","label":"Slide image","max-width":870,"max-height":345,"info":"Maximum slide image dimensions are 870x345px"},{"type":"text","id":"slide5_link","label":"Slide link"},{"type":"text","id":"slide5_caption1","label":"Caption text #1"},{"type":"text","id":"slide5_caption2","label":"Caption text #2"},{"type":"text","id":"slide5_caption3","label":"Caption text #3"}]},{"name":"Custom blocks","settings":[{"type":"header","content":"Header position"},{"type":"checkbox","id":"header_social_toggle","label":"Social links block"},{"type":"paragraph","content":"———————————————————"},{"type":"checkbox","id":"custom_header_toggle","label":"Custom header block"},{"type":"text","id":"custom_header_text1","label":"Phone number"},{"type":"header","content":"Showcase position"},{"type":"paragraph","content":"Block #1"},{"type":"checkbox","id":"custom_showcase1_img_toggle","label":"Show image"},{"type":"image","id":"custom_showcase1_img.png","label":"Image file","max-width":420,"max-height":228,"info":"Maximum slide image dimensions are 420x228px"},{"type":"text","id":"custom_showcase1_text1","label":"Text 1"},{"type":"text","id":"custom_showcase1_text2","label":"Text 2"},{"type":"text","id":"custom_showcase1_text3","label":"Text 3"},{"type":"text","id":"custom_showcase1_link","label":"Link"},{"type":"paragraph","content":"———————————————————"},{"type":"paragraph","content":"Block #2"},{"type":"checkbox","id":"custom_showcase2_img_toggle","label":"Show image"},{"type":"image","id":"custom_showcase2_img.png","label":"Image file","max-width":420,"max-height":228,"info":"Maximum slide image dimensions are 420x228px"},{"type":"text","id":"custom_showcase2_text1","label":"Text 1"},{"type":"text","id":"custom_showcase2_text2","label":"Text 2"},{"type":"text","id":"custom_showcase2_text3","label":"Text 3"},{"type":"text","id":"custom_showcase2_link","label":"Link"},{"type":"header","content":"Footer position"},{"type":"paragraph","content":"Footer block #1 (text content)"},{"type":"text","id":"footer_block1_title","label":"Title"},{"type":"textarea","id":"footer_block1_text","label":"Content"},{"type":"paragraph","content":"———————————————————"},{"type":"paragraph","content":"Footer block #2 (text content)"},{"type":"text","id":"footer_block2_title","label":"Title"},{"type":"paragraph","content":"Item #1"},{"type":"radio","id":"footer_block2_item1_icon","label":"Icon","options":[{"value":"fa-credit-card","label":"Credit Card"},{"value":"fa-envelope","label":"Envelope"},{"value":"fa-gift","label":"Gift"},{"value":"fa-home","label":"Home"},{"value":"fa-info-circle","label":"Info Circle"},{"value":"fa-phone-square","label":"Phone"},{"value":"fa-shopping-cart","label":"Shopping Cart"},{"value":"fa-refresh","label":"Refresh"},{"value":"fa-thumbs-o-up","label":"Thumbs Up"},{"value":"fa-trophy","label":"Trophy"},{"value":"fa-truck","label":"Truck"}]},{"type":"text","id":"footer_block2_item1_text1","label":"Text 1"},{"type":"text","id":"footer_block2_item1_text2","label":"Text 2"},{"type":"text","id":"footer_block2_item1_link","label":"Link"},{"type":"paragraph","content":"———————————————————"},{"type":"paragraph","content":"Item #2"},{"type":"radio","id":"footer_block2_item2_icon","label":"Icon","options":[{"value":"fa-credit-card","label":"Credit Card"},{"value":"fa-envelope","label":"Envelope"},{"value":"fa-gift","label":"Gift"},{"value":"fa-home","label":"Home"},{"value":"fa-info-circle","label":"Info Circle"},{"value":"fa-phone-square","label":"Phone"},{"value":"fa-shopping-cart","label":"Shopping Cart"},{"value":"fa-refresh","label":"Refresh"},{"value":"fa-thumbs-o-up","label":"Thumbs Up"},{"value":"fa-trophy","label":"Trophy"},{"value":"fa-truck","label":"Truck"}]},{"type":"text","id":"footer_block2_item2_text1","label":"Text 1"},{"type":"text","id":"footer_block2_item2_text2","label":"Text 2"},{"type":"text","id":"footer_block2_item2_link","label":"Link"},{"type":"paragraph","content":"———————————————————"},{"type":"paragraph","content":"Item #3"},{"type":"radio","id":"footer_block2_item3_icon","label":"Icon","options":[{"value":"fa-credit-card","label":"Credit Card"},{"value":"fa-envelope","label":"Envelope"},{"value":"fa-gift","label":"Gift"},{"value":"fa-home","label":"Home"},{"value":"fa-info-circle","label":"Info Circle"},{"value":"fa-phone-square","label":"Phone"},{"value":"fa-shopping-cart","label":"Shopping Cart"},{"value":"fa-refresh","label":"Refresh"},{"value":"fa-thumbs-o-up","label":"Thumbs Up"},{"value":"fa-trophy","label":"Trophy"},{"value":"fa-truck","label":"Truck"}]},{"type":"text","id":"footer_block2_item3_text1","label":"Text 1"},{"type":"text","id":"footer_block2_item3_text2","label":"Text 2"},{"type":"text","id":"footer_block2_item3_link","label":"Link"},{"type":"paragraph","content":"———————————————————"},{"type":"paragraph","content":"Footer block #3 (links list, max 7 links)"},{"type":"text","id":"footer_block3_title","label":"Title"},{"type":"link_list","id":"footer_block3_list","label":"Content"},{"type":"paragraph","content":"———————————————————"},{"type":"paragraph","content":"Footer block #4 (links list, max 7 links)"},{"type":"text","id":"footer_block4_title","label":"Title"},{"type":"link_list","id":"footer_block4_list","label":"Content"},{"type":"paragraph","content":"———————————————————"},{"type":"paragraph","content":"Footer block #5 (links list, max 7 links)"},{"type":"text","id":"footer_block5_title","label":"Title"},{"type":"link_list","id":"footer_block5_list","label":"Content"},{"type":"paragraph","content":"———————————————————"},{"type":"paragraph","content":"Footer block #6 (social links)"},{"type":"checkbox","id":"footer_block6_social_toggle","label":"Show block"},{"type":"text","id":"footer_block6_title","label":"Title"}]},{"name":"Social links","settings":[{"type":"header","content":"Social links"},{"type":"text","id":"social_twitter","label":"Twitter"},{"type":"text","id":"social_facebook","label":"Facebook"},{"type":"text","id":"social_youtube","label":"Youtube"},{"type":"text","id":"social_instagram","label":"Instagram"},{"type":"text","id":"social_pinterest","label":"Pinterest"},{"type":"text","id":"social_googleplus","label":"Google+"},{"type":"text","id":"social_tumblr","label":"Tumblr"}]},{"name":"Google maps","settings":[{"type":"text","id":"google_map_address","label":"Address","info":"Enter the address of the place to show it on the map"},{"type":"checkbox","id":"homepage_map_toggle","label":"Show map at homepage"},{"type":"checkbox","id":"contacts_map_toggle","label":"Show map at contacts page"}]},{"name":"Olark chat","settings":[{"type":"checkbox","id":"olark_chat_toggle","label":"Enable widget"},{"type":"textarea","id":"olark_chat_code","label":"Chat code"},{"type":"paragraph","content":"You can get the code at the [Olark site](http:\/\/www.olark.com\/install) ."},{"type":"paragraph","content":"[Read theme documentation](http:\/\/info.template-help.com\/help\/quick-start-guide\/shopify-themes\/master\/index_en.html) ."}]},{"name":"Money options","settings":[{"type":"checkbox","id":"show_multiple_currencies","label":"Show currency selector?"},{"type":"paragraph","content":"Although you will be able to display prices on your store front in different currencies, Shopify will still process orders in your shop's currency."},{"type":"text","id":"supported_currencies","label":"Currencies you wish to support","info":"Separate your currency codes with a space. Use the ISO 4217 3-letter currency code. [CLICK HERE](http:\/\/www.xe.com\/iso4217.php) for a complete list of currency codes. Example: CAD USD."},{"type":"text","id":"default_currency","label":"Default currency","info":"* For this functionality to work in your shop, you are required to edit your money formats [AS PER THESE INSTRUCTIONS](http:\/\/wiki.shopify.com\/Do_Tell_Where_The_Money_Is) (“Do tell where the money is”)."}]},{"name":"Newsletter options","settings":[{"type":"checkbox","id":"newsletter_popup_toggle","label":"Enable Newsletter subscription pop-up"},{"type":"text","id":"newsletter_popup_disable","label":"Pop-up disable expiration (in days)","info":"Number of days until user will see pop-up again (after clicking 'Dont show this message again' button or successful subscription)"},{"type":"radio","id":"newsletter_form_type","label":"Newsletter subscription form","options":[{"value":"newsletter_shopify","label":"Shopify native form"},{"value":"newsletter_mailchimp","label":"Mailchimp service"}]},{"type":"paragraph","content":"If you choose 'Shopify native form', all subscribers' emails will be collected at 'Customers' section, marked as 'Newsletter Subscriber'."},{"type":"text","id":"newsletter_mailchimp_url","label":"Mailchimp form action URL","info":"[Enter your Mailchimp form action URL](http:\/\/support.shopify.com\/customer\/portal\/articles\/640278)"}]},{"name":"Payment methods","settings":[{"type":"checkbox","id":"show_amex","label":"American Express"},{"type":"checkbox","id":"show_discover","label":"Discover"},{"type":"checkbox","id":"show_visa","label":"Visa"},{"type":"checkbox","id":"show_mastercard","label":"Mastercard"},{"type":"checkbox","id":"show_maestro","label":"Maestro"},{"type":"checkbox","id":"show_cirrus","label":"Cirrus"},{"type":"checkbox","id":"show_paypal","label":"Paypal"},{"type":"checkbox","id":"show_google","label":"Google Checkout"}]},{"name":"Cookies Policy","settings":[{"type":"checkbox","id":"cookies_policy_toggle","label":"Enable notification"},{"type":"text","id":"cookies_policy_tagline","label":"Tagline"},{"type":"text","id":"cookies_policy_text","label":"Text"},{"type":"text","id":"cookies_policy_expire","label":"Expiration period","info":"Number of days after clicking 'OK' button until user will see pop-up again"},{"type":"text","id":"cookies_policy_redirect","label":"Redirect URL","info":"URL to which user will redirect after clicking 'NO' button"}]}]